 ,Image,Unit,Lower threshold,Upper threshold,X center (px),Y center (px),Z center (slice),Starting radius,Ending radius,Radius step,Samples/radius,Enclosing radius cutoff,I branches (user),I branches (inferred),Intersecting radii,Sum inters.,Mean inters.,Median inters.,Skewness (sampled),Kurtosis (sampled),Max inters.,Max inters. radius,Ramification index (sampled),Centroid radius,Centroid value,Enclosing radius,Critical value,Critical radius,Mean value,Ramification index (fit),Skewness (fit),Kurtosis (fit),Polyn. degree,Polyn. R^2
1,Genotype 1_CIV md (1),pixels,255,255,776,588,1,1,973.612,1,1,1,NaN,1,714,29304,41.042,36.000,0.199,-1.311,96,380,96.000,335.593,39.869,729,84.768,434.733,40.755,84.768,0.145,-1.389,8,0.976
2,Genotype 1_CIV md (2),pixels,255,255,575,544,1,1,958.112,1,1,1,NaN,3,704,29958,42.554,42.000,0.031,-1.307,95,429,31.667,304.635,36.226,751,80.990,426.787,40.412,26.997,-0.022,-1.350,8,0.968
3,Genotype 1_CIV md (3),pixels,255,255,667,570,1,1,877.377,1,1,1,NaN,1,674,32260,47.864,48.500,0.205,-1.172,113,420,113.000,380.323,57.704,682,94.991,414.211,47.927,94.991,0.146,-1.358,7,0.972
4,Genotype 2_C4 md (1),pixels,255,255,683,569,1,1,916.909,1,1,1,NaN,1,704,30014,42.634,41.000,0.159,-1.377,98,380,98.000,312.524,37.980,729,86.593,414.855,41.530,86.593,0.128,-1.419,7,0.980
5,Genotype 2_C4 md (2),pixels,255,255,672,542,1,1,910.810,1,1,1,NaN,1,733,28971,39.524,32.000,0.358,-1.252,101,453,101.000,323.834,35.748,782,89.975,477.929,37.553,89.975,0.277,-1.286,8,0.968
6,Genotype 2_C4 md (3),pixels,255,255,590,618,1,1,911.496,1,1,1,NaN,1,649,34778,53.587,50.000,0.281,-1.015,122,476,122.000,350.740,60.219,656,110.156,459.550,53.591,110.156,0.171,-1.164,8,0.971
